date,a2c,ddpg,ppo,mean var,dji,ensemble
2022-07-13,859974.3427703476,915981.753589939,989008.8069572587,901201.4718362304,1000000.0,1000000.0
2022-07-14,849757.7554328537,913288.6538813818,984832.951095431,908775.2202838465,997443.2042016344,999663.5425907136
2022-07-15,863331.6442687607,935374.0983165015,987381.974096236,932288.3520980707,1007476.7148954078,1008281.3350078583
2022-07-18,858900.3198134995,925435.6132434119,985249.0970979605,920440.0219290548,1004172.5550241675,1002969.6919052126
2022-07-19,880740.4450139123,942976.306034397,992158.3100443715,943950.3491881245,1003020.0841000911,1020530.2644268036
2022-07-20,882656.1531002579,941447.3195155371,991840.3548555631,941303.3016075153,1017579.5651261068,1018862.8446174624
2022-07-21,883865.641757782,945782.8219302405,992010.2371069592,950362.2388989549,1024854.5236020854,1024688.9197231294
2022-07-22,885679.9546049194,943080.7895739783,991489.7434086865,946349.1685896793,1014127.3898230054,1019519.0375180208
2022-07-25,892600.5487669067,945969.3793490637,994166.8774909847,948853.5109176532,985522.9521837286,1018623.5771603548
2022-07-26,888756.27308255,940736.5882189978,992349.0174080341,938290.3224447848,992461.9156293821,1018081.3691525422
2022-07-27,896758.6451070862,950574.5574687232,992855.1682759424,954533.116397322,968873.2655437837,1031686.5968441926
2022-07-28,901138.2373693542,958569.0593798865,993717.6289461084,963868.1113090842,970673.133195216,1045524.7709774934
2022-07-29,913323.1030805664,971979.9322627295,998176.2391041208,974298.3255422391,988583.2281664714,1046004.3816342317
2022-08-01,913640.5238687134,967541.2070430029,997488.05625067,971089.5171420693,961208.3433338632,1044958.392759598
2022-08-02,905455.633072052,955146.2394717444,993899.5821584612,961917.8769871105,963665.1717867102,1043224.5686861878
2022-08-03,916711.9547196961,965779.5595439185,997329.871771956,981642.038508168,965626.4901168958,1048301.54970578
2022-08-04,912569.9294854737,962057.2612918128,995982.7251091981,980074.1556984772,992799.9601041481,1046604.522524536
2022-08-05,915370.2412454224,965348.7784999121,997400.950950274,983030.5542858135,961813.384876102,1044595.566360748
2022-08-08,916427.0675927735,963729.1933406104,998658.9457139458,982969.9408259685,958939.4944794799,1046920.0488509062
2022-08-09,922478.829090271,959893.991504978,998134.806614218,978019.2259501626,939886.4926582068,1040943.2697485808
2022-08-10,936247.3429566956,972408.3186763037,1003564.672002722,992667.3472905038,937410.1375541566,1054645.8149705236
2022-08-11,942211.7576041565,969834.855617832,1005960.607069258,986866.7169380239,927889.6141898067,1051843.5668740575
2022-08-12,955110.5982795105,980661.0966037024,1011667.6781258796,1003628.5362887557,924863.8371884902,1070298.054880649
2022-08-15,956843.5155310974,984001.7185443152,1012304.8350335561,1007930.1667276764,938457.1190185256,1076234.815470249
2022-08-16,960669.7912039529,991110.9375842322,1018559.156331831,1018428.670483954,939237.1034154219,1079799.76442197
2022-08-17,958335.3840842019,988489.9656756629,1018216.1643333111,1017136.8369812628,951804.6952316714,1071585.8984628026
2022-08-18,962455.5889754067,989140.8276217688,1020243.7348654004,1016046.5011420329,917861.6825392344,1070814.933199436
2022-08-19,953063.0956328049,984233.2360003699,1016514.1730136662,1008740.3943483786,910955.4532756271,1063775.9800210302
2022-08-22,936664.3944113388,967959.5102656592,1007631.8916249217,988879.9183587702,911211.064540649,1045564.3334260292
2022-08-23,936024.2227676087,963612.5953524817,1005414.6319953975,977804.9131864748,929234.2205302414,1036460.7323708838
2022-08-24,939755.8661143151,964986.3223040808,1006267.4681418743,979167.7657186334,930644.3521637807,1041977.7517190285
2022-08-25,949381.4271799889,973433.0836795081,1008797.1954151554,989296.5176827566,936230.7961362962,1047969.5131478612
2022-08-26,928192.6501261559,946293.4751895178,997733.51760108,957076.289695013,951297.5146614978,1014817.7492699928
2022-08-29,922686.9603831139,940477.3223689307,994713.2913208676,951585.6377596932,968079.9028290076,1008358.7125268286
2022-08-30,911858.3635546532,931466.8960192908,990004.5014052182,940371.5274235215,961584.6441048641,997636.5684666936
2022-08-31,900821.7777201501,922066.8545649756,985138.2398820398,932270.3876804003,956428.6973230158,988538.5260262792
2022-09-01,901003.8758990136,928095.0172122229,989708.2207315617,939880.4589113727,969109.4070866145,991169.6462560004
2022-09-02,895253.6428228721,919550.7657359351,987042.2510077877,928500.1393383461,958949.0585535385,979689.7097249336
2022-09-06,890425.6341019555,917579.4913485755,985146.9370058079,924798.0107605275,959417.8120404405,975440.001438648
2022-09-07,901326.8011538754,927745.7153819312,992934.1543617954,938151.7445394598,967123.2677070862,990437.3543496436
2022-09-08,905793.1591779537,935310.80524094,995768.0779050502,941930.3752345634,959275.4895098048,998056.8722024268
2022-09-09,918333.4445363827,945828.8353236426,997491.0173691197,949063.0901836773,940676.0980581742,1006473.0526337927
2022-09-12,932392.5478879757,955747.7886622656,999740.4071212215,960758.3323263716,915026.1622968717,1017221.9886727636
2022-09-13,900926.3464795895,920144.9675486792,980660.9362982083,913350.9632902741,889491.3939273595,979457.905756504
2022-09-14,908345.0657064266,924824.2176287879,983219.6392991772,911487.6450581731,885063.5692122437,981399.7793336218
2022-09-15,903301.8580667324,920366.4568141211,979174.7779926434,907168.2439793125,893915.6890437156,981048.3810849494
2022-09-16,892602.0694391079,917833.4351237525,978707.2214339771,906318.3343834013,872303.898908648,974241.9648175545
2022-09-19,900418.866167242,924279.342071842,983787.1612305928,915978.4658072696,871187.8056234022,979580.0814423864
2022-09-20,894361.7841092892,914834.9700015296,974917.4460477161,912370.8707461653,889885.1719051226,972232.924227268
2022-09-21,876582.4409314938,897635.6110308875,966484.347588541,896372.2408293848,888511.7594844874,953969.7425408668
2022-09-22,866989.4746877499,897390.909801792,965601.5158863391,896970.2167128846,894173.0651081173,954026.4665589636
2022-09-23,847287.1043588467,885572.5477565039,960493.2745954492,891008.4707629003,918170.9209337997,939956.3561063115
2022-09-26,833660.6928140469,875679.296734165,951540.0969119356,883452.25450983,916351.5266311642,931016.3659406012
2022-09-27,829126.7324411221,872935.2518809546,950490.1573606011,884903.2195038644,902032.1721788372,924750.1376843756
2022-09-28,841240.3405649014,886634.482357334,962044.4204269769,899027.9163444397,904431.616187332,937986.4466061896
2022-09-29,826595.4679929562,874538.520675968,958701.7297752893,882164.734499681,897031.5846714308,919542.399431736
2022-09-30,812591.5304033108,860260.3656504859,948534.6530047089,869508.0396812513,906412.1765236595,899030.5120396918
2022-10-03,838934.9193460293,881003.7002719153,961663.3146846254,892440.1802184741,902639.3200945295,920534.9384579962
2022-10-04,863881.1661512203,903584.4655574072,973099.638396383,911576.8735316994,904675.5570048417,944043.760607273
2022-10-05,861732.8269578762,904889.9294856299,973308.0780022867,915403.2174791484,914786.035723183,946378.4341359442
2022-10-06,854772.1459523983,895192.2821200598,969607.1389136942,907932.9781166114,913433.5731790572,933253.2029023474
2022-10-07,838143.6504308529,878600.8411677588,960986.1420747698,881213.0137253057,908644.3061651388,911917.2581544226
2022-10-10,835401.8959409542,874078.4385073889,961248.8266054248,873627.0366112553,903033.0980722926,908921.9050393408
2022-10-11,837347.4061358357,874359.4759753455,964477.3856742533,869781.3050981415,896954.6166468629,909235.8750405615
2022-10-12,835669.2598044301,873510.0329516638,963552.4021704881,867039.2382233244,892797.603243041,908494.839938011
2022-10-13,865489.0216561947,896069.1904948462,977830.2343794382,887086.0180394232,911979.3784900331,930487.527293825
2022-10-14,848331.5380197964,884312.5412371863,968124.4554548014,874698.8269046793,905693.6754599978,924208.7098324985
2022-10-17,863796.3071466885,901205.4002536047,977005.0648403568,894071.7920919671,927683.8727395197,941373.6828328932
2022-10-18,875567.3321787319,910676.9986727942,983114.2840868358,900101.4539484729,929076.8118113582,951326.5117842712
2022-10-19,886920.633463522,905941.4069903601,985400.1280198995,890394.9406713514,933800.4966031597,947287.3352371024
2022-10-20,881686.4591967068,904626.1235049475,976669.0858385449,885550.1857604682,929789.4491867577,948405.396657032
2022-10-21,895889.4548598347,925083.2379878272,991743.3669869367,906924.1156772727,932434.5988121419,968937.7055311622
2022-10-24,904742.7585726796,935398.2690623511,1003118.4247367573,923029.9274001757,925774.3598104856,981986.1573706092
2022-10-25,914665.85071097,946426.1396067847,1008093.7728188916,934300.87742034,938484.2172283586,991973.1963892402
2022-10-26,912227.265194994,951511.2313540686,1010442.7767726803,926200.6420417479,948162.4339566529,994756.2600927772
2022-10-27,916551.3380250874,958984.1892817725,1013641.4071616344,918454.3258417076,957358.461951153,993076.6355486336
2022-10-28,941717.5411815052,982884.0442355383,1029398.1311551647,950165.2933951833,955996.3784039564,1014342.4239702644
2022-10-31,940019.3926448231,978172.903778385,1028994.8748476047,944918.7493176204,944272.3606912913,1012488.2489843788
2022-11-01,936424.8616618519,974573.0263369788,1026875.7881068897,934762.7090136735,956407.4058724325,1005440.3882227364
2022-11-02,922896.0002345447,955782.0946658362,1016898.1168312586,913551.0997338684,953910.0439628604,982263.2042036476
2022-11-03,918729.6828364735,949880.0853579749,1012340.4174513682,895150.7229614836,956144.1661197686,974233.0584230842
2022-11-04,932853.0598773365,958165.0371363867,1020606.9236465204,897707.0456243962,956991.4975381618,971949.2260332528
2022-11-07,944221.3501605396,968341.1826060523,1025724.1780358255,911580.1061870583,955297.176275449,987660.9131670416
2022-11-08,951684.2520923023,976584.5865863074,1028671.8329448756,918897.2272837347,970894.1316207872,1004345.6998262824
2022-11-09,930295.5454539661,958141.4163935889,1018210.5216587847,897378.0058151047,971685.7864651957,977877.5525541723
2022-11-10,960263.5658702259,992100.8969310034,1043487.026068941,947292.7067440687,984055.4361058369,1011847.0655966224
2022-11-11,964201.69270891,987092.0224040259,1045099.1811697329,941948.23541145,988468.1177036931,1007166.5799723092
2022-11-14,961927.7775638752,984603.0011027564,1041609.0259711703,926894.3154562933,995451.0303468071,999742.3444929542
2022-11-15,959334.034773653,984092.3140872229,1041373.2110427187,927944.2759092641,990446.6285955795,1000391.631857914
2022-11-16,957539.4046734028,984530.4727328528,1043525.1234845866,934043.7440748782,990992.2362490247,996338.70385651
2022-11-17,958963.8286274128,984697.6259883154,1048242.9383471888,936355.9042904156,982472.354133069,992319.8040743292
2022-11-18,965270.6793201618,992507.6354335059,1054211.5308287942,946971.8682335973,963726.6551199448,1000659.3164911688
2022-11-21,965461.0090091877,987140.2024272193,1058465.345591024,936688.1615101018,959237.3470715943,995181.4235430184
2022-11-22,976654.9816425495,1001722.0685122717,1070063.6095078788,952196.9561189637,960975.731389792,1005681.9122915688
2022-11-23,977639.3495739155,1003743.5992892493,1069371.4232661491,956389.3375129157,970377.3300475426,1013496.6180048408
2022-11-25,978953.7296550922,1007734.254181217,1073508.9472949118,961853.1548264674,940985.3933817518,1019973.2724733772
2022-11-28,961267.7747520504,995994.86118729,1063639.1009918456,944197.7423939414,935610.2699027242,1011661.8451357308
2022-11-29,966684.0280102291,994695.7836917151,1064491.5197527558,933947.723155267,926629.2627875085,1006530.234421772
2022-11-30,986464.1733664913,1018643.8077204932,1082148.5670614257,972292.1312090065,918455.1105629732,1037741.5513887824
2022-12-01,983931.4955020351,1011873.7744258154,1084265.7123965584,968349.2399245917,922710.3834419464,1017264.2859888496
2022-12-02,985490.8485469494,1011407.9807093848,1086578.3096460472,969369.1377068448,912859.0455873867,1017721.838818592
2022-12-05,975755.7169562054,997276.8225672949,1073485.0717108704,957239.2760581081,907812.4594380788,997707.0664511146
2022-12-06,966453.3368368817,988882.6222689856,1069263.0572991995,948915.658559862,920520.2104824984,994680.0550051156
2022-12-07,965204.8195028973,990081.1968119849,1071220.9073609214,949865.765725788,926152.7100259278,996390.6355848731
2022-12-08,970449.3307331677,996948.7443812598,1079267.4192042288,960073.3171774674,937146.9547305049,1001685.2815733376
2022-12-09,961563.9384901715,987087.8499873389,1067626.7183823371,950273.2029180425,943840.0987012443,991256.6624937475
2022-12-12,976301.6003575154,1003866.487888645,1079924.7328535742,968652.8653995234,906636.9322640395,1001670.3151007118
2022-12-13,979522.7363260288,1007221.456348728,1086396.014979192,970711.7307624707,907514.8345620132,997936.18813805
2022-12-14,973207.714036253,1004427.5262263526,1085659.5036939178,968572.4192342901,902464.4341688842,994599.1544161262
2022-12-15,953853.5442178174,983890.9877703894,1070451.4340744033,943122.6401644291,898401.2397772573,972345.8132601205
2022-12-16,942314.4841731968,973352.7890742529,1061796.198311544,932408.3767297801,904150.8992279059,964654.1705675544
2022-12-19,940584.3577999058,969103.2832377661,1056964.670630197,922121.284090545,895014.5897672606,960589.390420002
2022-12-20,947730.9301418248,971040.2994654883,1059770.8617498297,918869.5252711477,879786.3636342935,958036.1014433326
2022-12-21,960232.3187412205,987318.0366404761,1080536.9733971648,932639.0597011712,876664.6612473284,975118.8772287788
2022-12-22,948655.3015369358,979600.7308047522,1073557.8319249626,922101.7405461166,862491.0450663724,971955.6290884436
2022-12-23,959244.3488918552,986422.3117564429,1081815.7752483839,926754.7202781467,852883.989603396,974574.2875318946
2022-12-27,961106.9147926769,989446.6654132117,1086269.296428823,924790.6861996648,849216.6226339734,976774.106812519
2022-12-28,947575.945320097,978849.075565647,1074743.0449622092,912926.8599210056,865211.3979169447,964753.5064554634
2022-12-29,957659.5023271466,988283.6176417578,1083074.3397857337,926223.2568668628,851857.9580155367,976311.9883242073
2022-12-30,956287.3297387982,985976.6265757788,1076551.0441864524,922560.3014960894,837281.227498808,974614.238820118
2023-01-03,949495.5561112995,982078.6696170081,1074920.0024259428,909189.1961867191,859590.2841759662,973130.0033560218
2023-01-04,955896.3160447712,987726.1244776953,1079686.5425173927,902225.5660056196,883649.6233348832,976996.1030798376
2023-01-05,949214.8665127811,977382.2482608069,1076647.5641676346,884640.0675273002,882412.2712535359,961745.9339209022
2023-01-06,973288.0781207142,994810.4199069251,1096922.93845931,895804.2630613577,872300.084664827,981044.4607286872
2023-01-09,964605.395909361,990477.5026095618,1084426.5949586653,898086.3338710472,853932.6789381327,984404.0358534278
2023-01-10,969894.525155119,994807.0720256079,1090681.6934305166,900321.6337337205,851195.4750999332,985992.3624945106
2023-01-11,973754.7000055829,1000889.2314990271,1099124.2216192374,918545.4007547523,852253.7854377409,988723.469716114
2023-01-12,977745.1089449445,1005228.8469966162,1099445.4728756729,922343.6674757302,851427.7454699308,994812.8913465308
2023-01-13,982927.3341188947,1007703.5958750952,1105283.5035069517,921595.1232281505,875558.2458941657,992598.5365837574
2023-01-17,974457.3864527264,1003546.2133029212,1088480.7900857902,918019.6424505995,863785.7815920722,985855.1223113764
2023-01-18,957132.7496882001,985050.6392024268,1073031.8307578291,905312.27537335,879845.8544520993,965226.9583298092
2023-01-19,950841.3234072247,979533.4084323157,1063137.309645311,898695.5356823709,889697.1923066588,964803.3264665584
2023-01-20,964222.2041979352,990895.7228511084,1072547.9432952628,912029.6448336242,886782.7115242993,975593.0236381608
2023-01-23,970438.7980394879,996448.7219851721,1076981.428557798,917081.3018489113,884152.989661236,978476.12530904
2023-01-24,981006.1160059491,1001116.1884120215,1087925.9784047944,923759.7266835765,905983.7287774335,982117.5379900665
2023-01-25,980295.7893801251,1004267.6679347266,1084739.2226578766,922788.7117723337,918140.0084801456,980901.0359125518
2023-01-26,988958.3860750714,1008596.0474894751,1086968.546802858,926197.662496625,927966.2975693133,989265.7179121246
2023-01-27,998203.3524332562,1013422.488304447,1078526.5242079883,929609.8990422945,928035.3524611779,980740.5517372722
2023-01-30,990467.5737238446,1003469.5330355872,1072697.211405866,920343.0866966939,933694.9502144401,966428.5363930608
2023-01-31,999157.6153002301,1010451.5757449378,1088786.9366444335,940693.9709443243,957844.4079997559,981423.463072672
2023-02-01,991134.5654001752,1011737.131550144,1082436.1679810444,946516.3451779082,954088.6872033144,979617.032893076
2023-02-02,984567.8730783978,1005073.2883990515,1078946.3070282263,952022.3729739933,951764.1617749464,971222.5676354312
2023-02-03,993611.6448603192,1006150.2068751563,1071066.2913121963,948157.8680945736,937031.7873387143,963429.6095818424
2023-02-06,991871.0665407697,1005368.4568293799,1074061.2065245528,943797.5941300782,932761.3713424817,963252.4267205144
2023-02-07,1004617.0811853925,1008686.5732882727,1079241.250279161,951129.1290786833,944477.8744255294,972967.820385828
2023-02-08,995336.2277346173,1004166.5198977698,1068178.2621402144,947185.3027380459,956830.0468594085,970934.3491581822
2023-02-09,988828.9603090802,999480.9131053198,1058973.9212534805,941606.9781306193,966560.3536339154,965696.9823388004
2023-02-10,996121.4686098614,1003413.8579676856,1066505.4371801314,946965.2918670597,947705.0662722017,974394.5705593968
2023-02-13,1004496.6752214947,1013354.0020411719,1079610.112051374,961280.7681849076,982723.980367233,983447.388115778
2023-02-14,1001210.3877535382,1008580.8811572302,1068613.5753781868,955507.9820821197,983670.9375570713,979747.2379731084
2023-02-15,1001557.8874331036,1009067.4732363928,1072270.9683786444,957859.851191399,977516.1143262087,973896.23038949
2023-02-16,990088.784997038,999464.9328540076,1066783.3942469917,949336.3407933105,979154.8728729613,960271.7388695622
2023-02-17,992314.0224199811,1004446.365295719,1072724.3536200386,949552.6213623624,978015.381763679,972651.48070611
2023-02-21,978795.781522112,982045.2873156775,1047679.1761766182,918372.8166670813,977796.5466405734,957310.3384255314
2023-02-22,980857.7382012005,980400.3938906897,1048255.6596900459,917327.2870095212,983607.7463534691,952907.4987095738
2023-02-23,982289.975378172,983403.6041796912,1051675.9528038383,923962.6380068916,982284.1468185564,958192.7791050816
2023-02-24,974287.1220229015,974880.369705509,1044882.2935060764,910785.4002415859,993879.6757505635,944457.3252972508
2023-02-27,974852.6979506359,976983.6533854712,1044906.1723436028,911953.5045165822,996676.5981226178,944850.8496483708
2023-02-28,971892.6456544324,971841.4086726416,1040050.3005246863,906774.7323165888,1001135.3922204,934452.1901482488
2023-03-01,973313.5314004346,973059.8657954443,1033170.3743356682,897055.9907411559,986632.3847745407,934725.9282330418
2023-03-02,978013.5067002698,984556.0407717932,1037567.437759603,903632.07815874,986721.8771818044,939830.7903183842
2023-03-03,991825.6334130917,995534.6918299902,1045660.9059137244,918672.36461482,1008210.6437213903,946570.6462029362
2023-03-06,992933.2438721218,999631.5947612036,1051393.6436170288,925234.8466714299,1002533.9103354394,951795.1751126194
2023-03-07,975921.2803221149,984120.7317126502,1037329.9211656852,909730.5677886163,1003550.2070622033,939063.2281578922
2023-03-08,971861.2485210286,981896.0587962378,1032112.0591840491,911098.0425215521,989478.3799551582,935141.128147974
2023-03-09,956697.7786142635,965232.7901423682,1018989.5514520775,900543.4572613619,979254.4986444064,924862.718981638
2023-03-10,948906.1599102383,953028.5601390112,1019025.0613479343,891583.3431074565,979300.6111443323,922347.040459528
2023-03-13,936831.1845684415,950781.7036631812,1011601.917867046,898238.0718775648,984650.913574017,932220.6757172488
2023-03-14,950811.0406520596,962192.199356388,1016609.3253439555,905531.9943854769,975760.3097302612,937098.0968731784
2023-03-15,933737.7487552395,954061.1305964697,1007225.8540161129,909852.2290403589,991167.1221746701,938831.5991505528
2023-03-16,947232.7886073819,962211.8109172095,1020625.3199570613,922036.1806114764,994186.8647006877,949760.3189591313
2023-03-17,930458.3324535122,952120.0779765357,1004764.6232709957,922259.0759600746,990039.4722999366,942263.729042902
2023-03-20,945433.2421787014,963637.0940478552,1017688.5508187938,927368.9858851339,967766.7932616088,950869.6453617954
2023-03-21,960411.3039690342,975102.8705561865,1027440.1715102058,933917.5507397957,959554.2139538019,954558.644232645
2023-03-22,944254.4380914669,959561.9934199561,1003274.6477837291,922491.3884659577,954805.4234675962,942528.4441574956
2023-03-23,941447.6913072567,959699.9548762549,1000366.891351646,925022.7349362625,957492.8144200733,943817.2389916324
2023-03-24,944476.4584199886,962569.1917117346,1005606.2407773433,930510.7199920927,972846.113592963,955546.0050019168
2023-03-27,952791.621822546,969507.905971836,1008389.0928281245,928448.1106324105,962673.8099673137,957126.6370858096
2023-03-28,950658.2089322262,965439.8799975623,1006324.1238639522,920573.7130315289,967816.6630763436,950810.4223259832
2023-03-29,965197.974344656,973591.9173510779,1019463.9896302334,926554.921925296,968913.4574264352,955052.181046381
2023-03-30,969011.2329563351,976120.3908198584,1024473.2514564128,933622.4504005628,958249.8564250311,960151.3304184818
2023-03-31,977873.4249920101,989090.5254786719,1037897.0044995113,949281.677958167,968308.4158841964,967654.9638756656
2023-04-03,987865.0871853085,1001499.0545085181,1047838.5312825771,966787.3626100791,966164.5831407235,986851.9608734988
2023-04-04,981891.5189098568,995762.1222728003,1039927.3757950893,962826.4899096051,965847.488542467,988117.7273224737
2023-04-05,983022.2819027157,1001841.2630694617,1040655.6829701266,963927.2325602415,969735.7400794365,1006839.3666771794
2023-04-06,980613.1880141965,997701.5760653723,1040605.863266582,969872.6180535163,959834.5324101421,1012823.9615601444
2023-04-10,983749.6648975774,1002130.8397677649,1046767.9155004459,969066.3203622056,980253.3750934205,1011348.8008259678
2023-04-11,986033.0363530141,1007021.5003855933,1050929.0826495434,970645.6865654162,976960.8287406801,1011507.54585351
2023-04-12,982638.3637405072,1005229.95260651,1050123.7966084285,967327.642861031,982395.4999665257,1011382.2391842748
